1989年,六四事件,link,123
2019冠状病毒病中国大陆疫情,反對動態清零政策運動,link,190
2019冠状病毒病疫情,反對動態清零政策運動,link,331
2021年夏季世界大學運動會,反對動態清零政策運動,link,116
2022年上海乌鲁木齐中路抗议,反對動態清零政策運動,link,271
2022年上海乌鲁木齐中路抗议,北京四通桥抗议,link,100
2022年乌鲁木齐抗议,反對動態清零政策運動,link,115
2022年新疆乌鲁木齐高层住宅楼火灾,反對動態清零政策運動,link,666
64,六四事件,link,853
64大屠杀纪念碑,六四事件,link,195
6月4日,六四事件,link,100
CCP,中国共产党,link,127
丁薛祥,習近平派系,link,195
丁薛祥,习近平,link,220
丁薛祥,中国共产党中央政治局常务委员会,link,325
丁薛祥,中国共产党中央委员会总书记办公室,link,134
七千人大会,文化大革命,link,139
三年困难时期,習遠平,link,131
三年困难时期,文化大革命,link,261
上海合作组织,习近平,link,151
东欧剧变,六四事件,link,153
两个确立,习近平崇拜,link,171
中共中央办公厅,中国共产党中央委员会,link,114
中共中央办公厅,中国共产党中央委员会总书记办公室,link,165
中共中央社会工作部,中国共产党中央委员会,link,156
中共八大元老,習遠平,link,245
中共八大元老,习近平,link,113
中共八大元老,薄熙来,link,173
中共八大元老,胡锦涛,link,174
中共八大元老,中国共产党中央顾问委员会,link,114
中共十八大后的反腐败,周永康,link,622
中华人民共和国,习近平,link,1723
中华人民共和国,中国共产党领导的多党合作和政治协商制度,link,167
中华人民共和国,文化大革命,link,615
中华人民共和国,中国共产党,link,231
中华人民共和国,六四事件,link,250
中华人民共和国主席,习近平,link,316
中华人民共和国主席,江泽民,link,152
中华人民共和国主席,中国共产党中央委员会总书记,link,139
中华人民共和国主席,胡锦涛,link,188
中华人民共和国主席办公室,中国共产党中央委员会总书记办公室,link,102
中华人民共和国历史,六四事件,link,158
中华人民共和国历史,政治家族列表,link,105
中华人民共和国宪法修正案_(2018年),习近平,link,100
中华人民共和国民主运动,六四事件,link,158
中华人民共和国民主运动,反對動態清零政策運動,link,837
中华人民共和国腐败案件列表,周永康,link,133
中华人民共和国腐败案件列表,薄熙来,link,110
中华人民共和国被禁出版物列表,李鵬六四日記,link,134
中南海,中南海習近平辦公室,link,230
中南海習近平辦公室,習近平吃包子事件,link,108
中国人民解放军,习近平,link,125
中国共产党,中國國民黨,link,114
中国共产党,中國共產黨相關爭議,link,3363
中国共产党,全国人民代表大会,link,120
中国共产党,习近平,link,895
中国共产党,中国共产主义青年团,link,123
中国共产党,2008年西藏骚乱,link,132
中国共产党,中国社会党,link,158
中国共产党,中国人民解放军,link,136
中国共产党,对中国共产党的评论,link,102
中国共产党,中国共产党中央政治局常务委员会,link,125
中国共产党,赵紫阳,link,191
中国共产党,社会主义市场经济,link,107
中国共产党,胡锦涛,link,162
中国共产党,李强_(1959年),link,152
中国共产党,極左派,link,248
中国共产党,中华苏维埃共和国,link,138
中国共产党,中华人民共和国,link,269
中国共产党,最大政黨列表,link,1104
中国共产党,中共中央政策研究室,link,115
中国共产党,文化大革命,link,139
中国共产党,胡耀邦,link,108
中国共产党,习近平新时代中国特色社会主义思想,link,207
中国共产党,辞海,link,120
中国共产党,陈独秀,link,337
中国共产党,反修正主义,link,148
中国共产党,臺灣問題,link,102
中国共产党,毛泽东,link,238
中国共产党,中国特色社会主义,link,105
中国共产党,中国共产党中央委员会总书记,link,120
中国共产党,瓮安骚乱,link,120
中国共产党,中共_(消歧义),link,210
中国共产党,左派,link,185
中国共产党,李大钊,link,203
中国共产党,中国人民武装警察部队,link,103
中国共产党,民主集中制,link,116
中国共产党,第三国际,link,175
中国共产党,华国锋,link,161
中国共产党,中国共产党第一次全国代表大会,link,108
中国共产党上海市委员会,陈吉宁,link,827
中国共产党上海市委员会,吴清,link,337
中国共产党上海市委员会,俞正声,link,130
中国共产党上海市委员会,诸葛宇杰,link,268
中国共产党上海市委员会,朱芝松,link,133
中国共产党上海市委员会,胡世军,link,111
中国共产党上海市委员会,張為_(1973年),link,122
中国共产党上海市委员会,龚正,link,316
中国共产党上海市委员会,李仰哲,link,110
中国共产党上海市委员会,陈良宇,link,208
中国共产党上海市委员会,李政_(1970年),link,190
中国共产党上海市委员会,韩正,link,153
中国共产党上海市委员会,陈金山_(1967年),link,104
中国共产党上海市委员会,赵嘉鸣,link,118
中国共产党中央书记处,中国共产党中央政治局常务委员会,link,100
中国共产党中央书记处,王小洪,link,170
中国共产党中央书记处,蔡奇,link,164
中国共产党中央书记处,刘金国,link,100
中国共产党中央书记处,石泰峰,link,100
中国共产党中央委员会,中国共产党全国代表大会,link,276
中国共产党中央委员会,中央金融委员会办公室,link,129
中国共产党中央委员会,王沪宁,link,102
中国共产党中央委员会,李强_(1959年),link,126
中国共产党中央委员会,中国共产党第二十届中央委员会委员列表,link,265
中国共产党中央委员会,蔡奇,link,111
中国共产党中央委员会,中共中央社会工作部,link,244
中国共产党中央委员会,习近平,link,137
中国共产党中央委员会,中央财经委员会办公室,link,122
中国共产党中央委员会,丁薛祥,link,119
中国共产党中央委员会,中共中央统一战线工作部,link,112
中国共产党中央委员会,中共中央办公厅,link,150
中国共产党中央委员会,中共中央对外联络部,link,152
中国共产党中央委员会,中央外事工作委员会办公室,link,128
中国共产党中央委员会,中国共产党中央书记处,link,104
中国共产党中央委员会,中共中央政策研究室,link,102
中国共产党中央委员会,中国共产党中央政治局常务委员会,link,128
中国共产党中央委员会,中国共产党中央政治局,link,336
中国共产党中央委员会,中共中央宣传部,link,117
中国共产党中央委员会,中国共产党中央委员会组织部,link,127
中国共产党中央委员会,中国共产党中央委员会委员,link,270
中国共产党中央委员会,中共中央政法委员会,link,115
中国共产党中央委员会主席,胡耀邦,link,134
中国共产党中央委员会主席,中国共产党中央委员会总书记,link,189
中国共产党中央委员会候补委员,中国共产党第二十届中央委员会候补委员列表,link,234
中国共产党中央委员会委员,中国共产党第二十届中央委员会委员列表,link,403
中国共产党中央委员会总书记,习近平,link,423
中国共产党中央委员会总书记,赵紫阳,link,176
中国共产党中央委员会总书记,江泽民,link,155
中国共产党中央委员会总书记,八六学潮,link,107
中国共产党中央委员会总书记,中国共产党中央委员会主席,link,199
中国共产党中央委员会总书记,國家級正職,link,120
中国共产党中央委员会总书记,胡锦涛,link,214
中国共产党中央委员会总书记,中華人民共和國最高領導人,link,123
中国共产党中央委员会总书记,胡耀邦,link,179
中国共产党中央委员会组织部,陈希,link,119
中国共产党中央委员会组织部,姜信治,link,152
中国共产党中央委员会组织部,李干杰,link,260
中国共产党中央委员会组织部,黄建发,link,152
中国共产党中央政治局,李鸿忠,link,460
中国共产党中央政治局,张国清,link,439
中国共产党中央政治局,中国共产党第二十届中央委员会,link,113
中国共产党中央政治局,李书磊,link,445
中国共产党中央政治局,马兴瑞,link,580
中国共产党中央政治局,袁家军,link,578
中国共产党中央政治局,中国共产党中央书记处,link,142
中国共产党中央政治局,中国共产党第二十届中央委员会第一次全体会议,link,391
中国共产党中央政治局,王毅,link,505
中国共产党中央政治局,李干杰,link,570
中国共产党中央政治局,陈文清,link,463
中国共产党中央政治局,李希,link,665
中国共产党中央政治局,何立峰,link,395
中国共产党中央政治局,中国共产党第十八届中央委员会第一次全体会议,link,116
中国共产党中央政治局,石泰峰,link,535
中国共产党中央政治局,何卫东,link,426
中国共产党中央政治局,李强_(1959年),link,619
中国共产党中央政治局,陈吉宁,link,567
中国共产党中央政治局,孙政才,link,125
中国共产党中央政治局,中国共产党中央政治局常务委员会,link,446
中国共产党中央政治局,陈敏尔,link,509
中国共产党中央政治局,王沪宁,link,615
中国共产党中央政治局,刘国中,link,479
中国共产党中央政治局,尹力_(1962年),link,554
中国共产党中央政治局,黄坤明,link,534
中国共产党中央政治局,中国共产党中央委员会,link,497
中国共产党中央政治局,赵乐际,link,607
中国共产党中央政治局,丁薛祥,link,669
中国共产党中央政治局,中国共产党第十九届中央委员会第一次全体会议,link,197
中国共产党中央政治局,蔡奇,link,681
中国共产党中央政治局,张又侠,link,388
中国共产党中央政治局,中国共产党第十七届中央委员会第一次全体会议,link,114
中国共产党中央政治局,习近平,link,455
中国共产党中央政治局常务委员会,李希,link,1637
中国共产党中央政治局常务委员会,宋平,link,419
中国共产党中央政治局常务委员会,中国共产党中央委员会,link,137
中国共产党中央政治局常务委员会,俞正声,link,143
中国共产党中央政治局常务委员会,中国共产党第二十届中央委员会,link,118
中国共产党中央政治局常务委员会,李强_(1959年),link,1497
中国共产党中央政治局常务委员会,國家級正職,link,163
中国共产党中央政治局常务委员会,张德江,link,119
中国共产党中央政治局常务委员会,周永康,link,367
中国共产党中央政治局常务委员会,吴官正,link,124
中国共产党中央政治局常务委员会,栗战书,link,157
中国共产党中央政治局常务委员会,贾庆林,link,170
中国共产党中央政治局常务委员会,黄菊,link,183
中国共产党中央政治局常务委员会,李克强,link,266
中国共产党中央政治局常务委员会,贺国强,link,124
中国共产党中央政治局常务委员会,赵乐际,link,1654
中国共产党中央政治局常务委员会,丁薛祥,link,1636
中国共产党中央政治局常务委员会,朱镕基,link,148
中国共产党中央政治局常务委员会,习近平,link,645
中国共产党中央政治局常务委员会,温家宝,link,164
中国共产党中央政治局常务委员会,王沪宁,link,1644
中国共产党中央政治局常务委员会,罗干,link,146
中国共产党中央政治局常务委员会,蔡奇,link,1620
中国共产党中央政治局常务委员会,李长春,link,176
中国共产党中央政治局常务委员会,李岚清,link,105
中国共产党中央政治局常务委员会,曾庆红,link,152
中国共产党中央政治局常务委员会,中国共产党中央政治局,link,480
中国共产党中央政治局常务委员会,中国共产党中央书记处,link,134
中国共产党中央政治局常务委员会,刘云山,link,137
中国共产党中央政治局常务委员会,吴邦国,link,195
中国共产党中央政治局常务委员会,胡锦涛,link,156
中国共产党中央政治局常务委员会,韩正,link,193
中国共产党中央政治局常务委员会,胡启立,link,215
中国共产党中央政治局常务委员会,汪洋_(前全國政協主席),link,122
中国共产党中央政治局常务委员会,张高丽,link,243
中国共产党中央政治局常务委员会,江泽民,link,140
中国共产党中央政治局常务委员会,王岐山,link,190
中国共产党中央政治局常务委员会,中南海,link,100
中国共产党中央特别行动科,顾顺章,link,105
中国共产党中央纪律检查委员会,中华人民共和国国家监察委员会,link,115
中国共产党中央纪律检查委员会,中国共产党第二十届中央纪律检查委员会,link,245
中国共产党中央纪律检查委员会,李希,link,199
中国共产党中央纪律检查委员会,刘金国,link,102
中国共产党中央顾问委员会,万海峰,link,131
中国共产党修改历史的质疑,长征,link,107
中国共产党修改历史的质疑,六四事件,link,120
中国共产党北京市委员会,刘伟_(1965年),link,102
中国共产党北京市委员会,殷勇_(1969年),link,112
中国共产党北京市委员会,尹力_(1962年),link,226
中国共产党四川省委员会,黄强_(1963年),link,138
中国共产党四川省委员会,王晓晖,link,220
中国共产党四川省委员会,施小琳,link,175
中国共产党山东省委员会,林武_(1962年),link,118
中国共产党广东省委员会,郭永航,link,136
中国共产党广东省委员会,王伟中,link,143
中国共产党广东省委员会,孟凡利_(1965年),link,167
中国共产党广东省委员会,黄坤明,link,299
中国共产党政治运动列表,反AB團,link,146
中国共产党新疆维吾尔自治区委员会,马兴瑞,link,111
中国共产党江苏省委员会,信长星,link,253
中国共产党河南省委员会,楼阳生,link,124
中国共产党浙江省委员会,易炼红,link,234
中国共产党深圳市委员会,孟凡利_(1965年),link,106
中国共产党湖北省委员会,诸葛宇杰,link,109
中国共产党湖北省委员会,王蒙徽,link,134
中国共产党第一次全国代表大会,陳公博,link,111
中国共产党第一次全国代表大会,周佛海,link,100
中国共产党第一次全国代表大会,李达_(哲学家),link,116
中国共产党第一次全国代表大会,李汉俊,link,108
中国共产党第一次全国代表大会,刘仁静,link,121
中国共产党第九届中央委员会第二次全体会议,陈伯达,link,110
中国共产党第九次全国代表大会,中国共产党第十次全国代表大会,link,131
中国共产党第二十届中央委员会,王沪宁,link,124
中国共产党第二十届中央委员会,中国共产党第二十届中央委员会委员列表,link,399
中国共产党第二十届中央委员会,李希,link,123
中国共产党第二十届中央委员会,中国共产党第二十届中央委员会候补委员列表,link,182
中国共产党第二十届中央委员会,蔡奇,link,132
中国共产党第二十届中央委员会,丁薛祥,link,134
中国共产党第二十届中央委员会,李强_(1959年),link,148
中国共产党第二十届中央委员会,赵乐际,link,102
中国共产党第二十届中央委员会委员列表,中国共产党第二十届中央委员会候补委员列表,link,116
中国共产党第二十届中央委员会委员列表,秦刚,link,102
中国共产党第二十次全国代表大会,彭帥指控張高麗性醜聞事件,link,507
中国共产党第二十次全国代表大会,北京四通桥抗议,link,108
中国共产党第二十次全国代表大会,中国共产党领导集体,link,115
中国共产党第二十次全国代表大会,习近平,link,143
中国共产党第二十次全国代表大会,北戴河办公制度,link,125
中国共产党第二十次全国代表大会,李克强,link,191
中国共产党第二十次全国代表大会,胡锦涛二十大离场事件,link,482
中国共产党第二十次全国代表大会,胡锦涛,link,150
中国共产党第二十次全国代表大会,團派,link,111
中国共产党第二十次全国代表大会,孔绍逊,link,126
中国共产党第二十次全国代表大会,胡春华,link,112
中国共产党第二十次全国代表大会,中国共产党第二十届中央委员会,link,162
中国共产党第二十次全国代表大会,李强_(1959年),link,142
中国共产党第二十次全国代表大会,张高丽,link,142
中国共产党第二十次全国代表大会,李瑞环,link,153
中国共产党第二十次全国代表大会,胡海峰,link,334
中国共产党第十九次全国代表大会,中国共产党第二十次全国代表大会,link,143
中国共产党贵州省委员会,徐麟_(1963年),link,123
中国共产党重庆市委员会,袁家军,link,216
中国共产党领导集体,孙政才,link,157
中国共产党领导集体,胡春华,link,108
中国大屠杀列表,文化大革命,link,103
中国毛泽东主义共产党,薄熙来,link,255
中国毛泽东主义共产党,零八宪章,link,106
中國,中国共产党,link,147
中國,习近平,link,112
中國,六四事件,link,218
中國共產黨相關爭議,中国共产党修改历史的质疑,link,254
中國共產黨相關爭議,对胡锦涛的争议,link,215
中國共產黨相關爭議,习明泽,link,227
中國共產黨相關爭議,六四事件,link,215
中國共產黨相關爭議,习近平崇拜,link,104
中國共產黨相關爭議,对习近平的争议,link,455
中國國民黨,中国共产党,link,100
中央书记处,中国共产党中央书记处,link,107
中央军事委员会,中国共产党中央委员会,link,102
中央军事委员会,习近平,link,105
中央军委主席,中国共产党中央军事委员会主席,link,151
中央外事工作委员会,中国共产党中央委员会,link,143
中央外事工作委员会办公室,中国共产党中央委员会,link,157
中央委员会,中国共产党中央委员会,link,257
中美关系,习明泽,link,100
中苏交恶,文化大革命,link,113
中華人民共和國政府,习近平,other,143
中華人民共和國最高領導人,习近平,link,228
中華人民共和國最高領導人,中国共产党中央委员会总书记,link,105
中華人民共和國最高領導人,胡锦涛,link,293
中華人民共和國最高領導人,江泽民,link,222
中越战争,六四事件,link,464
乔·拜登,习近平,link,127
九一三事件,中国共产党第九届中央委员会第二次全体会议,link,193
九一三事件,文化大革命,link,130
习仲勋,习明泽,link,715
习仲勋,習遠平,link,1714
习仲勋,习近平,link,1466
习仲勋,六四事件,link,160
习明泽,中共八大元老,link,941
习明泽,哈佛大学,link,145
习明泽,习近平,link,1900
习明泽,秦刚,other,128
习明泽,中国共产党中央委员会总书记,link,105
习明泽,邓家贵,link,6194
习明泽,习仲勋,link,1245
习明泽,彭丽媛,link,2188
习明泽,柯玲玲,link,1507
习明泽,张澜澜,link,563
习明泽,北京景山学校,link,1462
习明泽,反對逃犯條例修訂草案運動,link,127
习明泽,寻衅滋事罪,link,129
习明泽,傅高义,link,649
习明泽,習正寧,link,134
习明泽,郝明珠,link,142
习明泽,薄熙来,link,742
习明泽,吴雅凝,link,271
习明泽,惡俗維基,link,3674
习明泽,政治家族列表,link,8631
习明泽,马宝善,link,127
习明泽,齐桥桥,link,188
习明泽,齐心,link,143
习明泽,杭州外国语学校,link,478
习明泽,習遠平,link,582
习明泽,薄瓜瓜,link,4679
习明泽,浙江大学,link,150
习李体制,中国共产党第二十次全国代表大会,link,123
习李体制,以习近平同志为核心的党中央,link,149
习近平,中南海,link,450
习近平,何载,link,284
习近平,北京市八一学校,link,402
习近平,兩個維護,link,184
习近平,中国共产党第二十次全国代表大会,link,215
习近平,陈希,link,2082
习近平,膜蛤文化,link,187
习近平,反黨小說《劉志丹》案,link,482
习近平,第十四世达赖喇嘛,link,669
习近平,以习近平同志为核心的党中央,link,247
习近平,世界一流大学和一流学科建设,link,173
习近平,军队和武警部队全面停止有偿服务,link,254
习近平,2022年環台軍事演練,link,151
习近平,朱镕基,link,115
习近平,中国共产党中央政治局常务委员会,link,375
习近平,蔡霞,link,1533
习近平,遠華案,link,947
习近平,2023年沙特阿拉伯和伊朗北京会谈,link,144
习近平,總加速師,link,492
习近平,王幼辉,link,261
习近平,福州3820工程,link,139
习近平,中華人民共和國最高領導人,link,477
习近平,洪博培,link,102
习近平,中國夢,link,106
习近平,中国共产党,link,431
习近平,乔·拜登,link,330
习近平,习近平新时代中国特色社会主义思想,link,194
习近平,张高丽,link,161
习近平,北京四通桥抗议,link,5409
习近平,蔡奇,link,419
习近平,國家級正職,link,982
习近平,张德江,link,264
习近平,废除干部领导职务终身制,link,938
习近平,维基解密泄露美国外交电报事件,link,153
习近平,齐心,link,1883
习近平,2023年環台軍事演練,link,165
习近平,工农兵学员,link,402
习近平,文化大革命,link,385
习近平,习仲勋,link,3728
习近平,劳动教养,link,183
习近平,何卫东,link,429
习近平,党和国家领导人,link,481
习近平,中共中央党校,link,150
习近平,極權主義,link,363
习近平,王岐山,link,1329
习近平,中南海習近平辦公室,link,575
习近平,魏震五,link,601
习近平,習遠平,link,3426
习近平,中華人民共和國與大規模殺傷性武器,link,195
习近平,刘冰_(1921年),link,548
习近平,兩個一百年,link,103
习近平,许其亮,link,263
习近平,中共十八大后的反腐败,link,231
习近平,中国共产党中央军事委员会主席,link,265
习近平,北京市北海幼儿园,link,138
习近平,清华大学化学工程系,link,135
习近平,秦刚,link,361
习近平,李强,other,267
习近平,高扬_(1909年),link,2424
习近平,太子党_(中国共产党),link,2300
习近平,薄熙来,link,342
习近平,谢静宜,link,133
习近平,厦门市,link,117
习近平,两个确立,link,161
习近平,中国人民解放军,link,142
习近平,中国共产党第二十届中央委员会第一次全体会议,link,142
习近平,胡锦涛,link,2896
习近平,李源潮,link,717
习近平,北京市,link,157
习近平,貪污感知指數,link,291
习近平,对习近平的争议,link,6781
习近平,吸菸,link,110
习近平,河南省,link,175
习近平,毛泽东,link,324
习近平,清华大学,link,172
习近平,丁薛祥,link,517
习近平,上山下乡运动,link,144
习近平,温家宝,link,113
习近平,邓州市,link,466
习近平,无神论,link,188
习近平,傅高义,link,253
习近平,正定县,link,103
习近平,反對動態清零政策運動,link,3489
习近平,赵乐际,link,248
习近平,邓小平,link,212
习近平,2020年中印邊境衝突,link,263
习近平,中国共产党中央委员会总书记,link,451
习近平,王沪宁,link,566
习近平,赵紫阳,link,203
习近平,江泽民,link,343
习近平,習近平派系,link,683
习近平,反對逃犯條例修訂草案運動,link,109
习近平,韩正,link,1010
习近平,迟群,link,138
习近平,彭丽媛,link,4171
习近平,北京101中学,link,509
习近平,新十条,link,140
习近平,聂卫平,link,1930
习近平,严厉打击刑事犯罪活动_(1983年),link,117
习近平,中国共产党第二十届中央委员会,link,245
习近平,習近平吃包子事件,link,127
习近平,栗战书,link,805
习近平,福布斯杂志全球最具影响力人物列表,link,272
习近平,习近平崇拜,link,473
习近平,弗拉基米尔·普京,link,115
习近平,李希,link,217
习近平,张又侠,link,510
习近平,清零政策,link,286
习近平,领导核心,link,126
习近平,陕西省,link,112
习近平,对习近平的独裁统治争议,link,1383
习近平,中华人民共和国主席,link,587
习近平,中国共产党第十八届中央委员会第一次全体会议,link,129
习近平,耿飚,link,519
习近平,柯华_(1915年),link,356
习近平,中华人民共和国,link,279
习近平,李克强,link,1247
习近平,项南,link,312
习近平,时代百大人物,link,413
习近平,六四事件,link,453
习近平,2009年中国足坛反腐风暴,link,183
习近平,富平县,link,297
习近平,2023年中国高空气球事件,link,2275
习近平,對習近平的負面稱呼,link,782
习近平,辱包文化,link,652
习近平,第十四届全国人民代表大会,link,182
习近平,孙政才,link,340
习近平,闽江学院,link,231
习近平,曾庆红,link,300
习近平,俞正声,link,306
习近平,中国共产党上海市委员会,link,150
习近平,范长龙,link,295
习近平,习李体制,link,506
习近平,齐桥桥,link,1927
习近平,习明泽,link,20889
习近平,柯玲玲,link,17877
习近平,李强_(1959年),link,884
习近平,徐才厚,link,120
习近平,批邓、反击右倾翻案风,link,106
习近平,中华人民共和国中央军事委员会主席,link,252
习近平崇拜,新疆再教育營,link,119
习近平崇拜,毛澤東崇拜,link,175
习近平崇拜,普京崇拜,link,137
习近平崇拜,習近平吃包子事件,link,336
习近平崇拜,四个伟大,link,121
习近平崇拜,習近平畫像潑墨事件,link,421
习近平崇拜,兩個維護,link,122
习近平崇拜,王丹,link,163
习近平崇拜,對習近平的負面稱呼,link,244
习近平崇拜,习大大，人人夸,other,169
习近平崇拜,习语广场,link,150
习近平崇拜,高文謙,link,161
习近平崇拜,对习近平的争议,link,206
习近平崇拜,辱包文化,link,214
习近平崇拜,文革2.0,link,162
习近平新时代中国特色社会主义思想,习近平,link,104
习近平新时代中国特色社会主义思想,习近平崇拜,link,110
五七一工程纪要,中国共产党第九届中央委员会第二次全体会议,link,139
令计划,薄熙来,link,110
令计划,胡锦涛,link,276
令计划,薄熙来事件,link,132
令计划,團派,link,228
令计划,周永康,link,477
令谷,薄熙来事件,link,119
以习近平同志为核心的党中央,習近平派系,link,106
任志强,政治家族列表,link,131
任志强,对习近平的争议,link,309
何卫东,習近平派系,link,314
何立峰,中国共产党中央政治局,link,189
何立峰,習近平派系,link,782
何立峰,习近平,link,103
俄罗斯联邦共产党,根纳季·久加诺夫,link,118
保守派_(中国共产党),改革派_(中国共产党),link,200
傅晓田,习近平,other,124
党和国家领导人,习近平,link,138
兩個維護,习近平崇拜,link,121
八六学潮,六四事件,link,233
八六学潮,保守派_(中国共产党),link,121
六四事件,中华人民共和国宪法修正案_(2018年),link,3089
六四事件,李鹏,link,805
六四事件,六四清场,link,2248
六四事件,周勇军,link,333
六四事件,邓小平,link,615
六四事件,1989年中華人民共和國抗議地區列表,link,120
六四事件,天安门_(纪录片),link,102
六四事件,叶飞,link,101
六四事件,蘇曉康,link,113
六四事件,习近平,link,1137
六四事件,王有才,link,204
六四事件,习仲勋,link,1543
六四事件,1980年代末中国通货膨胀,link,295
六四事件,余志坚,link,324
六四事件,郭海峰,link,141
六四事件,中國人民解放軍對六四清場的抵制,link,109
六四事件,吴学谦,link,124
六四事件,刘华清,link,276
六四事件,李锐_(1917年),link,298
六四事件,迟浩田,link,256
六四事件,李鹏下台嵌字诗,link,146
六四事件,李先念,link,250
六四事件,胡耀邦之死,link,2566
六四事件,王丹,link,3447
六四事件,天安门母亲运动,link,297
六四事件,中国人民解放军,link,200
六四事件,吕京花,link,459
六四事件,颐和园_(电影),link,118
六四事件,六四绿卡,link,149
六四事件,陈佩斯,link,923
六四事件,白色恐怖,link,104
六四事件,胡启立,link,449
六四事件,时代100人：本世纪最重要的人物,link,123
六四事件,鲍彤,link,567
六四事件,民主女神,link,118
六四事件,中国人民武装警察部队,link,143
六四事件,刘延东,link,106
六四事件,东欧剧变,link,357
六四事件,中华人民共和国历史,link,731
六四事件,江平_(学者),link,170
六四事件,改革开放,link,307
六四事件,中华人民共和国腐败案件列表,link,448
六四事件,柴玲,link,1005
六四事件,侯德健,link,346
六四事件,包遵信,link,116
六四事件,赵紫阳,link,3090
六四事件,達姆彈,link,183
六四事件,王震,link,127
六四事件,吾爾開希·多萊特,link,1930
六四事件,杜宪,link,108
六四事件,四五运动,link,241
六四事件,熊焱,link,169
六四事件,万里,link,102
六四事件,翟伟民,link,313
六四事件,辛灏年,link,254
六四事件,唐柏桥,link,183
六四事件,坦克人,link,1029
六四事件,北京高校学生自治联合会,link,211
六四事件,北京工人自治联合会,link,196
六四事件,中华人民共和国人民警察,link,115
六四事件,馬少方,link,160
六四事件,黃雀行動,link,284
六四事件,全国公安工作信息化工程,link,162
六四事件,邓小平南巡,link,365
六四事件,胡绩伟,link,100
六四事件,中华人民共和国被禁电视剧列表,link,153
六四事件,周锋锁,link,426
六四事件,江泽民,link,461
六四事件,薄一波,link,529
六四事件,中华人民共和国民主运动,link,789
六四事件,八六学潮,link,1198
六四事件,茅于轼,link,264
六四事件,对中国共产党的评论,link,124
六四事件,反對動態清零政策運動,link,299
六四事件,北平七五事件,link,138
六四事件,天與地_(無綫電視劇),link,103
六四事件,田纪云,link,163
六四事件,中國人民解放軍陸軍第二十八集團軍,link,149
六四事件,陈云,link,313
六四事件,1989年中国大陆,other,115
六四事件,崔健,link,634
六四事件,人間道,link,139
六四事件,张伯笠,link,284
六四事件,丁子霖,link,189
六四事件,李旺陽事件,link,341
六四事件,自由派_(中华人民共和国),link,183
六四事件,韩东方,link,796
六四事件,中华人民共和国被禁出版物列表,link,192
六四事件,魏京生,link,107
六四事件,民主化,link,107
六四事件,钦本立,link,154
六四事件,中华人民共和国,link,190
六四事件,必须旗帜鲜明地反对动乱,link,177
六四事件,處決_(油畫),link,241
六四事件,反對逃犯條例修訂草案運動,link,156
六四事件,杨尚昆,link,294
六四事件,決勝時刻：黑色行動冷戰,link,271
六四事件,彭冲,link,239
六四事件,阎明复,link,259
六四事件,北岛_(诗人),link,481
六四事件,陈子明,link,264
六四事件,喻东岳,link,262
六四事件,Team_A_6th_Stage「目擊者」,link,102
六四事件,文化大革命,link,217
六四事件,咕咕鸡饭,link,211
六四事件,全国人民代表大会常务委员会副委员长,link,212
六四事件,中共八大元老,link,212
六四事件,中国民兵,link,409
六四事件,中国共产党中央委员会总书记,link,257
六四事件,魯德成,link,351
六四事件,废除干部领导职务终身制,link,1504
六四事件,李錄,link,288
六四事件,刘晓波,link,1086
六四事件,汤一介,link,150
六四事件,中国共产党,link,163
六四事件,中国共产党中央顾问委员会,link,119
六四事件,中华人民共和国被禁电影列表,link,244
六四事件,徐勤先,link,1205
六四事件,浦志强,link,1214
六四事件,对胡耀邦的纪念活动,link,2223
六四事件,六四事件人物,link,168
六四事件,方励之,link,311
六四事件,天安门事件,link,1403
六四事件,沈彤_(1968年),link,229
六四事件,毛主义者,link,981
六四事件,劉剛_(中國民運人士),link,818
六四事件,天安门毛泽东像污损案,link,123
六四事件,张明春,link,243
六四事件,蘋果日報_(香港),link,137
六四事件,中国人民解放军陆军第八十二集团军,link,143
六四事件,胡耀邦,link,1193
六四事件,官倒,link,186
六四事件,戴晴,link,290
六四事件,王超华,link,194
六四事件,对于六四事件的反应,link,230
六四事件,陈希同,link,198
六四事件,木樨地,link,356
六四事件,封从德,link,413
六四事件期間的持不同政見者,柴玲,link,110
六四事件期間的持不同政見者,王丹,link,115
六四事件期間的持不同政見者,劉剛_(中國民運人士),link,127
六四清场,飘扬，共和国的旗帜,link,110
六四清场,方政,link,153
六四清场,徐勤先,link,248
六四清场,侯德健,link,109
六四清场,赵紫阳,link,324
六四清场,六四事件,link,397
六四绿卡,施一公,link,102
共产党,习近平,link,111
共产党,中国共产党,link,351
共产党,共产主义,link,112
刘少奇,文化大革命,link,220
刘晓波,六四事件,link,210
刘永清,胡锦涛,link,193
刘汉_(1965年),周永康,link,107
刘鹤,習近平派系,link,212
北京四通桥抗议,徐勤根,link,352
北京四通桥抗议,清零政策,link,245
北京四通桥抗议,王炳章,link,153
北京四通桥抗议,莫少平,link,139
北京四通桥抗议,时代百大人物,link,1235
北京四通桥抗议,中华人民共和国民主运动,link,146
北京四通桥抗议,胡佳_(社會活動家),link,166
北京四通桥抗议,厕所革命,other,149
北京四通桥抗议,六四事件,link,430
北京四通桥抗议,嚴歌苓,link,100
北京四通桥抗议,中共十八大后的反腐败,link,110
北京四通桥抗议,蔡锷,link,116
北京四通桥抗议,ResearchGate,link,145
北京四通桥抗议,蔡霞,link,107
北京四通桥抗议,2022年新疆乌鲁木齐高层住宅楼火灾,link,107
北京四通桥抗议,对习近平的独裁统治争议,link,348
北京四通桥抗议,反對動態清零政策運動,link,1424
北京四通桥抗议,习近平,link,120
北京四通桥抗议,刘晓波,link,126
北京四通桥抗议,中华人民共和国网络审查,link,171
北京四通桥抗议,四通桥,link,211
北京四通桥抗议,習近平畫像潑墨事件,link,108
北京四通桥抗议,万润南,link,197
北京四通桥抗议,坦克人,link,1009
华国锋,中国共产党第十一届中央委员会第三次全体会议,link,104
华国锋,中国共产党中央委员会主席,link,122
华春莹,习近平外交思想研究中心,link,171
南京传媒学院白纸行动,反對動態清零政策運動,link,149
卡尔·马克思,共产党宣言,link,106
反對動態清零政策運動,曹芷馨,link,159
反對動態清零政策運動,願榮光歸香港,link,164
反對動態清零政策運動,新疆种族灭绝指控,link,135
反對動態清零政策運動,Do_You_Hear_the_People_Sing?,link,165
反對動態清零政策運動,2022年新疆乌鲁木齐高层住宅楼火灾,link,1800
反對動態清零政策運動,中华人民共和国民主运动,link,145
反對動態清零政策運動,新十条,link,287
反對動態清零政策運動,2022年乌鲁木齐抗议,link,133
反對動態清零政策運動,匿名者_(黑客組織),link,116
反對動態清零政策運動,江澤民之死,link,368
反對動態清零政策運動,王丹,link,118
反對動態清零政策運動,中國維權運動,link,145
反對動態清零政策運動,中华人民共和国社会问题,link,115
反對動態清零政策運動,郑州富士康抗议,link,696
反對動態清零政策運動,雨傘革命,link,462
反對動態清零政策運動,中国大陆2019冠状病毒病疫情相关抗议,link,351
反對動態清零政策運動,中华人民共和国审查制度,link,251
反對動態清零政策運動,2022年上海乌鲁木齐中路抗议,link,452
反對動態清零政策運動,南京传媒学院,link,286
反對動態清零政策運動,2022年贵州省三都县客车侧翻事故,link,377
反對動態清零政策運動,对习近平的独裁统治争议,link,236
反對動態清零政策運動,反對逃犯條例修訂草案運動,link,165
反對動態清零政策運動,毛主义者,link,1175
反對動態清零政策運動,吴亚楠_(学者),link,176
反對動態清零政策運動,六四事件,link,496
反對動態清零政策運動,公权力,link,162
反對動態清零政策運動,清零政策,link,397
反對動態清零政策運動,拉平曲线,link,171
反對動態清零政策運動,广州市海珠区抗议,link,493
反對動態清零政策運動,習近平派系,link,117
反對動態清零政策運動,李强_(1959年),link,116
反對動態清零政策運動,南京传媒学院白纸行动,link,143
反對動態清零政策運動,口交,link,255
反對動態清零政策運動,春夏,link,188
反對動態清零政策運動,北京四通桥抗议,link,1199
反對動態清零政策運動,不自由，毋宁死！,link,141
反對動態清零政策運動,自由派_(中华人民共和国),link,550
反對動態清零政策運動,弗里德曼方程,link,406
反對動態清零政策運動,修正主义_(马克思主义),link,490
反對動態清零政策運動,习近平,link,659
反對動態清零政策運動,李老师不是你老师,link,169
反對動態清零政策運動,公民不服從,link,144
反對動態清零政策運動,国际社会对反对动态清零政策运动的反应,link,162
反對逃犯條例修訂草案運動,反對動態清零政策運動,link,163
台灣海峽飛彈危機,六四事件,link,102
叶选宁,政治家族列表,link,162
听床师,中国共产党第二十次全国代表大会,link,144
吴汉圣,中国共产党中央委员会中央和国家机关工作委员会,link,109
吴邦国,江泽民派系,other,104
吾爾開希·多萊特,六四事件期間的持不同政見者,link,139
吾爾開希·多萊特,六四事件,link,191
周恩来,文化大革命,link,214
周永康,薄熙来事件,link,343
周永康,贾廷安,link,185
周永康,令谷,link,460
周永康,中国人民解放军陆军第八十二集团军,link,170
周永康,胡温体制,link,218
周永康,江泽民派系,link,277
周永康,中国大陆网络热点事件列表,link,326
周永康,王立军事件,link,275
周永康,周永康案,link,325
周永康,由喜贵,link,302
周永康,金正男,link,340
周永康,李春城,link,136
周永康,胡锦涛,link,243
周永康,乔石,link,149
周永康,郭永祥,link,219
周永康,唐克,link,151
周永康,秦城监狱,link,1289
周永康,郭伯雄,link,210
周永康,成都女业主自焚事件,link,112
周永康,叶迎春,link,326
周永康,罗干,link,314
周永康,吕新华,link,124
周永康,2011年全球最具权力人物排行榜,link,125
周永康,王乐泉,link,313
周永康,蒋洁敏,link,114
周永康,习近平,link,293
周永康,中共中央政法委员会,link,117
周永康,令计划,link,947
周永康,沈冰,link,277
周永康,中共中央政法委員會書記,link,110
周永康,江泽民,link,220
周永康,刘汉_(1965年),link,142
周永康,康生,link,120
周永康,王胜俊,link,118
周永康,贺国强,link,126
周永康,國家級正職,link,236
周永康,法轮功,link,121
周永康,周本顺,link,109
周永康,贾晓晔,link,1650
周永康,王岐山,link,223
周永康,610办公室,link,331
周永康,周滨,link,1093
周永康,温家宝,link,125
周永康,周涵,link,798
周永康,薄熙来,link,1400
周永康,新四人幫,link,336
周永康,徐明_(企业家),link,176
周永康,中国共产党中央政治局常务委员会,link,278
周永康,蒋彦永,link,124
周永康,孟建柱,link,881
周永康,陈光诚,link,159
周永康,王西欣,link,564
周永康,许林平,link,324
周永康,黄婉,link,254
周永康,徐才厚,link,783
周永康,梁克,link,114
周永康案,周滨,link,104
周永康案,薄熙来,link,120
周永康案,贾晓晔,link,200
周永康案,叶迎春,link,312
周永康案,周永康,link,160
周永康案,沈冰,link,273
周滨,周永康,link,160
四五运动,六四事件,link,159
四人帮,文化大革命,link,312
四清运动,文化大革命,link,159
四通桥,北京四通桥抗议,link,427
国务委员,中国共产党中央政治局,link,188
国务委员,周永康,link,177
国家级副职,中国共产党中央政治局,link,137
國家級正職,胡锦涛,link,109
國家級正職,中国共产党中央政治局常务委员会,link,233
國家級正職,习近平,link,202
團派,胡锦涛,link,311
團派,胡春华,link,1993
團派,刘奇葆,link,218
團派,秦宜智,link,205
團派,王沪宁,link,130
團派,习近平,link,115
團派,宋平,link,100
團派,何立峰,link,111
團派,習近平派系,link,1229
團派,胡锦涛二十大离场事件,link,1969
團派,李克强,link,515
團派,蔡奇,link,104
團派,李源潮,link,314
團派,胡启立,link,170
團派,周强,link,189
團派,汪洋_(前全國政協主席),link,444
團派,陆昊,link,121
團派,栗战书,link,177
團派,胡耀邦,link,303
團派,刘延东,link,184
團派,令计划,link,413
團派,中華人民共和國最高領導人,link,409
團派,江泽民派系,link,711
團派,六四事件,link,104
團派,沈跃跃,link,140
團派,罗志军_(1951年),link,401
團派,政治家族列表,link,827
坦克人,北京四通桥抗议,link,124
坦克人,六四清场,link,195
坦克人,六四事件,link,323
大跃进,文化大革命,link,298
天安门,六四事件,link,355
天安门事件,六四事件,link,1220
太子党_(中国共产党),周滨,link,533
太子党_(中国共产党),贺锦涛,link,496
太子党_(中国共产党),政治家族列表,link,464
太子党_(中国共产党),周涵,link,417
太子党_(中国共产党),林立果,link,142
太子党_(中国共产党),刘晓江,link,180
太子党_(中国共产党),叶选廉,link,279
太子党_(中国共产党),世袭政治家,link,240
太子党_(中国共产党),温云松,link,764
太子党_(中国共产党),江绵康,link,446
太子党_(中国共产党),习近平,link,306
太子党_(中国共产党),習正寧,link,468
太子党_(中国共产党),叶选宁,link,241
太子党_(中国共产党),毛岸青,link,501
太子党_(中国共产党),李敏_(1936年),link,390
太子党_(中国共产党),习明泽,link,1367
太子党_(中国共产党),李尚福,link,238
太子党_(中国共产党),王岐山,link,266
太子党_(中国共产党),江绵恒,link,807
太子党_(中国共产党),王兵_(1938年),link,110
太子党_(中国共产党),温如春,link,517
太子党_(中国共产党),薄一波,link,160
太子党_(中国共产党),陈伟兰,link,137
太子党_(中国共产党),陈元,link,307
太子党_(中国共产党),胡海峰,link,975
太子党_(中国共产党),俞正声,link,150
太子党_(中国共产党),傅锐,link,117
太子党_(中国共产党),邓榕,link,199
太子党_(中国共产党),朱云来,link,612
太子党_(中国共产党),富家子弟,link,221
太子党_(中国共产党),布赫,link,234
太子党_(中国共产党),李小林,link,271
太子党_(中国共产党),王军_(1941年),link,396
太子党_(中国共产党),林用三,link,182
太子党_(中国共产党),團派,link,385
太子党_(中国共产党),习仲勋,link,227
太子党_(中国共产党),刘亚洲,link,635
太子党_(中国共产党),李小琳,link,278
太子党_(中国共产党),邓楠,link,239
太子党_(中国共产党),毛新宇,link,228
太子党_(中国共产党),曾庆红,link,161
太子党_(中国共产党),张又侠,link,276
太子党_(中国共产党),乌兰夫,link,333
太子党_(中国共产党),薄瓜瓜,link,1302
太子党_(中国共产党),習遠平,link,1007
太子党_(中国共产党),薄熙来,link,516
太子党_(中国共产党),栗潛心,link,857
太子党_(中国共产党),朱和平,link,164
太子党_(中国共产党),乌杰,link,161
太子党_(中国共产党),敗家仔,link,121
太子党_(中国共产党),邓朴方,link,756
太子党_(中国共产党),苏玲,link,552
太子党_(中国共产党),李讷,link,305
太子党_(中国共产党),李鹏,link,141
太子党_(中国共产党),黄敬,link,513
太子党_(中国共产党),朱敏_(语言学家),link,243
太子党_(中国共产党),傅彦,link,200
太子党_(中国共产党),王震,link,146
太子党_(中国共产党),邓质方,link,289
太子党_(中国共产党),叶选平,link,389
太子党_(中国共产党),曾伟_(1968年),link,422
太子党_(中国共产党),李小鹏_(政治人物),link,598
太子党_(中国共产党),江泽民派系,link,422
太子党_(中国共产党),叶剑英,link,109
太子党_(中国共产党),曾山,link,340
太子党_(中国共产党),刘源,link,437
太子党_(中国共产党),毛岸英,link,168
太子党_(中国共产党),姚依林,link,472
太子党_(中国共产党),周永康,link,151
太子党_(中国共产党),傅洋,link,122
孔绍逊,胡锦涛二十大离场事件,link,827
孙政才,薄熙来事件,link,116
孙政才,薄熙来,link,133
孙政才,段伟红,link,413
孙春兰,習近平派系,link,172
孟建柱,周永康,link,175
學生運動,反對動態清零政策運動,link,125
學生運動,六四事件,link,243
定於一尊,习近平崇拜,link,150
对习近平的争议,中国共产党第二十次全国代表大会,link,2219
对习近平的争议,对毛泽东的评价,link,104
对习近平的争议,雄安新区,link,252
对习近平的争议,清零政策,link,273
对习近平的争议,对习近平的独裁统治争议,link,881
对习近平的争议,巴拿馬文件,link,1038
对习近平的争议,对习近平的言论审查争议,link,289
对习近平的争议,废除干部领导职务终身制,link,323
对习近平的争议,總加速師,link,1019
对习近平的争议,胡锦涛二十大离场事件,link,1244
对习近平的争议,習近平吃包子事件,link,358
对习近平的争议,新疆再教育營,link,796
对习近平的争议,李锐_(1917年),link,350
对习近平的争议,对习近平的公共政策争议,link,279
对习近平的争议,2023年中国高空气球事件,link,457
对习近平的争议,北京四通桥抗议,link,1005
对习近平的争议,中华人民共和国宪法修正案_(2018年),link,123
对习近平的争议,胡锦涛,link,367
对习近平的争议,對習近平的負面稱呼,link,999
对习近平的争议,习近平,link,1085
对习近平的争议,2020年中国南方水灾,link,448
对习近平的争议,以习近平同志为核心的党中央,link,115
对习近平的争议,反對動態清零政策運動,link,399
对习近平的争议,戰狼外交,link,701
对习近平的争议,对习近平的个人争议,link,498
对习近平的争议,崇禎帝,link,382
对习近平的争议,反對逃犯條例修訂草案運動,link,672
对习近平的争议,对胡锦涛的争议,link,277
对习近平的争议,中美贸易战,link,471
对习近平的争议,2022年新疆乌鲁木齐高层住宅楼火灾,link,125
对习近平的争议,2020年內蒙古雙語教育新政策爭議,link,268
对习近平的独裁统治争议,胡锦涛二十大离场事件,link,414
对习近平的独裁统治争议,總加速師,link,170
对习近平的独裁统治争议,蔡霞,link,193
对习近平的独裁统治争议,新疆种族灭绝指控,link,138
对习近平的独裁统治争议,文革2.0,link,258
对习近平的独裁统治争议,废除干部领导职务终身制,link,242
对习近平的独裁统治争议,團派,link,209
对习近平的独裁统治争议,習近平派系,link,147
对胡耀邦的纪念活动,六四事件,link,105
对胡锦涛的争议,对习近平的争议,link,166
对胡锦涛的争议,對江澤民的評價,link,159
對習近平的負面稱呼,权平,link,189
對習近平的負面稱呼,北京四通桥抗议,link,206
對習近平的負面稱呼,文字游戏,link,875
對習近平的負面稱呼,对习近平的争议,link,276
對習近平的負面稱呼,刘晓波,link,210
對習近平的負面稱呼,习近平,link,139
對習近平的負面稱呼,小熊維尼在中華人民共和國的審查,link,111
對習近平的負面稱呼,習近平吃包子事件,link,154
對習近平的負面稱呼,李锐_(1917年),link,209
對習近平的負面稱呼,傻屄,link,114
對習近平的負面稱呼,小熊維尼,link,117
對習近平的負面稱呼,習氏狼條脊甲,link,345
對習近平的負面稱呼,戰狼外交,link,128
對習近平的負面稱呼,辱包文化,link,752
小熊維尼在中華人民共和國的審查,對習近平的負面稱呼,link,109
尹力_(1962年),習近平派系,link,208
尼古拉·布哈林,苏联共产党中央政治局,link,100
尼古拉·齐奥塞斯库,罗马尼亚共产党,link,102
广西文革屠杀,文化大革命,link,155
庆丰包子铺,習近平吃包子事件,link,110
庐山会议,中国共产党第九届中央委员会第二次全体会议,link,256
废除干部领导职务终身制,习近平,link,174
废除干部领导职务终身制,对习近平的独裁统治争议,link,177
张成泽,周永康,link,211
张澜澜,習遠平,link,756
张高丽,習近平派系,other,183
张高丽,中国共产党中央政治局常务委员会,link,126
张高丽,江泽民派系,link,282
彭丽媛,习明泽,link,3289
彭丽媛,习近平,link,1220
彭丽媛,六四事件,link,434
彭德怀,文化大革命,link,101
徐才厚,江泽民派系,link,221
徐才厚,周永康,link,528
徐才厚,江泽民,link,143
徐才厚,習遠平,link,103
徐才厚,薄熙来,link,311
德国共产党,德国的共产党,link,133
惡俗維基,习明泽,link,843
戰狼外交,习近平,link,141
抗战主力之争,中国共产党修改历史的质疑,link,106
拨乱反正,文化大革命,link,116
改革开放,六四事件,link,346
改革派_(中国共产党),李强_(1959年),link,135
改革派_(中国共产党),任志强,link,266
改革派_(中国共产党),自由派_(中华人民共和国),link,262
改革派_(中国共产党),鳥籠經濟,link,168
改革派_(中国共产党),蔡霞,link,191
改革派_(中国共产党),两个确立,link,211
改革派_(中国共产党),保守派_(中国共产党),link,210
政治家族列表,太子党_(中国共产党),link,5266
政治家族列表,趙家人,link,243
政治家族列表,红五类,link,380
政治家族列表,天龍人,link,195
政治局,中国共产党中央政治局,link,637
文化大革命,红卫兵,link,402
文化大革命,袁腾飞,link,141
文化大革命,江青,link,178
文化大革命,重庆大武斗,link,116
文化大革命,沙甸事件,link,131
文化大革命,彭真,link,111
文化大革命,刘少奇,link,447
文化大革命,关于党的百年奋斗重大成就和历史经验的决议,link,185
文化大革命,粉碎四人帮,link,847
文化大革命,臭老九,link,206
文化大革命,资本主义复辟,link,117
文化大革命,九一三事件,link,914
文化大革命,姚桐斌,link,441
文化大革命,中國新左派,link,255
文化大革命,武斗,link,183
文化大革命,汪东兴,link,217
文化大革命,田汉,link,132
文化大革命,邓小平,link,292
文化大革命,胡耀邦,link,149
文化大革命,彭德怀,link,265
文化大革命,林彪、江青反革命集团案,link,204
文化大革命,走资派,link,176
文化大革命,破四旧,link,286
文化大革命,食人,link,468
文化大革命,薄一波,link,330
文化大革命,文革大屠杀_(广东),link,709
文化大革命,社会帝国主义,link,254
文化大革命,陈永贵,link,1186
文化大革命,四大_(文化大革命),link,130
文化大革命,黑五类,link,550
文化大革命,青海二二三事件,link,149
文化大革命,大跃进,link,255
文化大革命,四人帮,link,533
文化大革命,广西文革屠杀,link,2218
文化大革命,三面红旗,link,1811
文化大革命,1967年中国流脑大流行,link,117
文化大革命,修正主义_(马克思主义),link,117
文化大革命,文化大革命时期文物古迹损毁列表,link,839
文化大革命,中国共产党政治运动列表,link,289
文化大革命,贺龙,link,189
文化大革命,怀仁堂,link,151
文化大革命,七千人大会,link,804
文化大革命,五一六通知,link,758
文化大革命,陶铸,link,124
文化大革命,極左派,link,136
文化大革命,上山下乡运动,link,439
文化大革命,右派,link,205
文化大革命,河南“75·8”水库溃坝,link,975
文化大革命,习近平,link,195
文化大革命,中央文化革命小组,link,154
文化大革命,造反派,link,147
文化大革命,红八月,link,549
文化大革命,吴晗,link,100
文化大革命,毛主义者,link,207
文化大革命,邓拓,link,108
文化大革命,桑颇·才旺仁增,link,119
文化大革命,习仲勋,link,689
文化大革命,毛澤東崇拜,link,303
文化大革命,文化革命_(消歧义),link,130
文化大革命,一打三反運動,link,152
文化大革命,张春桥,link,103
文化大革命,中华人民共和国历史,link,102
文化大革命,四五运动,link,261
文化大革命,文革遗毒,link,354
文化大革命,芒果崇拜,link,125
文化大革命,六四事件,link,152
文化大革命,一份应予保护的干部名单,link,1022
文化大革命,梁思成,link,299
文化大革命,拨乱反正,link,159
文化大革命,叶剑英,link,156
文化大革命,老舍,link,191
文化大革命,华国锋,link,628
文化大革命,对毛泽东的评价,link,183
文化大革命,王洪文,link,192
文化大革命,斯大林主义,link,116
文化大革命,清查“五·一六反革命集团”运动,link,158
文化大革命,文革2.0,link,214
文化大革命,炮打司令部——我的一张大字报,link,194
文化大革命,三年困难时期,link,1090
文化大革命,内人党事件,link,779
文化大革命,毛泽东,link,622
文化大革命,文革大屠杀_(云南),link,345
文化大革命,陈云,link,120
文化大革命,毛泽东之死,link,222
文化大革命,中华人民共和国宪法_(1975年),link,131
文化大革命,林昭,link,363
文化大革命,砸烂公检法,link,130
文化大革命,林彪,link,602
文化大革命,百花齐放、百家争鸣,link,159
文化大革命,湖南文革屠杀,link,448
文化大革命,赵九章,link,234
文化大革命时期文物古迹损毁列表,破四旧,link,185
新十条,反對動態清零政策運動,link,106
新四人幫,周永康,link,290
新四人幫,薄熙来,link,241
新四人幫,江泽民派系,link,160
施小琳,中国共产党四川省委员会,link,126
日本共產黨,中国共产党与日本共产党关系,link,309
日本共產黨,日本共产党（左派）,link,101
时代百大人物,北京四通桥抗议,link,244
曾庆红,江泽民派系,link,231
曾庆红,周永康,link,156
曾庆红,习近平,link,117
曾庆红,江泽民,link,148
曾庆红,胡锦涛,link,117
朱镕基,江泽民,link,443
朱镕基,胡锦涛,link,163
李书磊,習近平派系,link,143
李先念,六四事件,link,111
李克强,胡锦涛,link,230
李克强,中国共产党中央政治局常务委员会,link,136
李克强,习近平,link,1139
李克强,中国共产党第二十次全国代表大会,link,783
李小勇_(武警),太子党_(中国共产党),other,123
李希,習近平派系,link,433
李希,中国共产党中央政治局常务委员会,link,124
李干杰,習近平派系,link,435
李干杰,中国共产党中央政治局,link,125
李干杰,中国共产党中央委员会组织部,link,131
李强_(1959年),中国共产党中央政治局,link,141
李强_(1959年),江泽民派系,other,611
李强_(1959年),反對動態清零政策運動,link,566
李强_(1959年),習近平派系,link,2347
李强_(1959年),习近平,link,1168
李强_(1959年),中国共产党中央政治局常务委员会,link,283
李强_(1959年),團派,other,625
李志,六四事件,link,160
李望知,薄熙来,link,559
李源潮,團派,link,130
李玉超,中国共产党第二十届中央委员会委员列表,link,106
李锐_(1917年),对习近平的争议,link,208
李雪峰,薄熙来,link,114
李鸿忠,中国共产党中央政治局,link,130
李鹏,李鵬六四日記,link,248
李鹏,江泽民,link,230
李鹏,六四事件,link,409
杨尚昆,六四事件,link,120
杨尚昆,江泽民,link,126
杨洁篪,习近平,link,111
杨洁篪,中国共产党中央政治局,link,164
林向阳_(解放军),習近平派系,link,134
林彪,文化大革命,link,167
林彪,中国共产党第九届中央委员会第二次全体会议,link,272
林武_(1962年),習近平派系,link,126
柬埔寨人民黨,柬埔寨共产党,link,133
柬埔寨共产党,民主柬埔寨党,link,126
柯华_(1915年),習遠平,link,149
柯玲玲,习明泽,link,805
柯玲玲,習遠平,link,1641
柯玲玲,习近平,link,309
栗战书,習近平派系,link,143
栗战书,习近平,link,142
楼阳生,習近平派系,link,218
段伟红,温云松,link,915
段伟红,温家宝,link,222
段伟红,张培莉,link,1079
段伟红,纽约时报报道温家宝家族财富事件,link,1627
段伟红,孙政才,link,1227
段伟红,温如春,link,597
段伟红,沈棟,link,923
毛主义者,政治家族列表,link,102
毛主义者,中国毛泽东主义共产党,link,568
毛泽东,中国共产党,link,228
毛泽东,文化大革命,link,745
毛泽东,中国共产党领导集体,link,136
毛泽东,习近平,link,386
毛泽东,中国共产党中央委员会主席,link,165
毛澤東崇拜,习近平崇拜,link,194
江志成,政治家族列表,link,151
江泽民,法轮功,link,303
江泽民,蓋茲堡演說,link,119
江泽民,國立中央大學_(汪精衛政權),link,146
江泽民,李鹏,link,299
江泽民,江上青,link,258
江泽民,胡锦涛,link,1927
江泽民,江泽慧,link,139
江泽民,杨尚昆,link,421
江泽民,膜蛤文化,link,1180
江泽民,荣毅仁,link,154
江泽民,江澤民之死,link,834
江泽民,芮杏文,link,109
江泽民,成克杰,link,110
江泽民,王冶坪,link,718
江泽民,中国军队经商,link,106
江泽民,對江澤民的評價,link,171
江泽民,防火长城,link,167
江泽民,朱镕基,link,558
江泽民,江泽民派系,link,336
江泽民,江世俊,link,479
江泽民,美国轰炸中国驻南联盟大使馆事件,link,120
江泽民,胡耀邦,link,139
江泽民,韩正,link,123
江泽民,中华人民共和国主席,link,133
江泽民,江石溪,link,105
江泽民,习近平,link,409
江泽民,台灣海峽飛彈危機,link,124
江泽民,江泽民_(消歧义),link,116
江泽民,李锡铭,link,363
江泽民,江志成,link,375
江泽民,中国共产党领导集体,link,137
江泽民,华东医院,link,321
江泽民,弗拉基米尔·普京,link,106
江泽民,杨家将事件,link,304
江泽民,周永康,link,152
江泽民,武汉地区无产阶级革命派百万雄师联络站,link,160
江泽民,中国共产党中央委员会总书记,link,129
江泽民,江绵恒,link,1935
江泽民,汪道涵,link,213
江泽民,六四事件,link,165
江泽民,邓小平,link,704
江泽民,告全党全军全国各族人民书,link,153
江泽民,中華人民共和國最高領導人,link,102
江泽民,江绵康,link,1360
江泽民,赵紫阳,link,1129
江泽民,“三个代表”重要思想,link,255
江泽民怒斥香港记者,膜蛤文化,link,159
江泽民怒斥香港记者,張寶華,link,160
江泽民派系,薄熙来事件,link,221
江泽民派系,陈至立,link,124
江泽民派系,政治家族列表,link,144
江泽民派系,贾庆林,link,123
江泽民派系,陈良宇,link,672
江泽民派系,周永康,link,416
江泽民派系,郭伯雄,link,177
江泽民派系,习近平,link,161
江泽民派系,吴邦国,link,359
江泽民派系,黄菊,link,411
江泽民派系,中共十八大后的反腐败,link,111
江泽民派系,温家宝,link,114
江泽民派系,陈良宇事件,link,163
江泽民派系,徐匡迪,link,102
江泽民派系,韩正,link,159
江泽民派系,江泽民,link,304
江泽民派系,王沪宁,link,195
江泽民派系,團派,link,1201
江泽民派系,胡锦涛,link,218
江泽民派系,孟建柱,link,157
江泽民派系,徐才厚,link,236
江泽民派系,江澤民之死,link,1289
江泽民派系,李克强,link,359
江泽民派系,张高丽,link,143
江泽民派系,習近平派系,link,530
江泽民派系,王岐山,link,137
江泽民派系,朱镕基,link,306
江泽民派系,曾庆红,link,701
江绵恒,江泽民,link,128
江青,文化大革命,link,265
汪洋_(前全國政協主席),團派,link,307
汪洋_(前全國政協主席),改革派_(中国共产党),link,457
沈棟,段伟红,link,9040
法轮功,六四事件,link,344
海伍德死亡案,薄熙来事件,link,154
清零政策,反對動態清零政策運動,link,877
温家宝,江泽民,link,256
温家宝,江泽民派系,other,157
温家宝,胡锦涛,link,745
温家宝,习近平,link,247
温家宝,薄熙来,link,135
王丹,六四事件,link,179
王小洪,習近平派系,link,493
王小洪,中国共产党中央书记处,link,104
王岐山,周永康,link,200
王岐山,习近平,link,305
王岐山,以习近平同志为核心的党中央,link,116
王岐山,中国共产党中央政治局常务委员会,link,167
王岐山,太子党_(中国共产党),link,145
王岐山,江泽民派系,other,285
王毅,胡锦涛,link,109
王毅,习近平,link,724
王毅,中国共产党中央政治局,link,1194
王沪宁,中国共产党中央书记处,link,101
王沪宁,习近平,link,184
王沪宁,中国共产党中央政治局常务委员会,link,262
王沪宁,胡锦涛,link,220
王立军,薄熙来,link,405
王立军事件,周永康,link,452
王立军事件,薄熙来,link,203
王立军事件,薄熙来事件,link,730
白紙,反對動態清零政策運動,other,203
白纸抗议,反對動態清零政策運動,link,446
破四旧,文化大革命时期文物古迹损毁列表,link,171
秘鲁共产党_(光辉道路),阿维马埃尔·古斯曼,link,102
秦刚,中国共产党第二十届中央委员会委员列表,link,961
秦刚,胡锦涛,other,125
秦刚,习近平,link,996
秦刚,中国共产党,link,349
秦刚,中国共产党第二十次全国代表大会,link,179
秦刚,中国共产党中央政治局,link,443
秦刚,中国共产党国务院党组,link,459
秦刚,薄熙来,other,103
秦城监狱,薄熙来,link,302
秦城监狱,周永康,link,261
秦城监狱囚犯列表,周永康,link,134
秦城监狱囚犯列表,薄熙来,link,103
粉碎四人帮,文化大革命,link,308
總加速師,習近平畫像潑墨事件,link,206
總加速師,習近平吃包子事件,link,141
總加速師,对习近平的争议,link,104
總加速師,對習近平的負面稱呼,link,158
红卫兵,文化大革命,link,115
纽约时报报道温家宝家族财富事件,段伟红,link,197
维基百科,习近平,other,417
维基百科,六四事件,other,155
羅冠聰,周永康_(香港),link,180
美国革命共产党,鲍勃·阿瓦基安,link,133
美國共產黨,得克萨斯共产党,link,108
習,习近平,link,149
習近平吃包子事件,对习近平的争议,link,122
習近平吃包子事件,辱包文化,link,111
習近平吃包子事件,對習近平的負面稱呼,link,381
習近平吃包子事件,毛主义者,link,129
習近平吃包子事件,梅克爾上超市,link,114
習近平吃包子事件,習近平畫像潑墨事件,link,307
習近平吃包子事件,傅政华,link,124
習近平吃包子事件,庆丰包子铺,link,207
習近平吃包子事件,臨時演員,link,104
習近平吃包子事件,习近平崇拜,link,113
習近平吃包子事件,包子铺,link,148
習近平吃包子事件,豐田Coaster,link,226
習近平派系,袁家军,link,384
習近平派系,李鸿忠,link,149
習近平派系,李书磊,link,183
習近平派系,黄坤明,link,418
習近平派系,应勇,link,331
習近平派系,團派,link,1380
習近平派系,李强_(1959年),link,523
習近平派系,胡和平,link,127
習近平派系,张又侠,link,123
習近平派系,董宏,link,399
習近平派系,沈德咏,link,108
習近平派系,王小洪,link,303
習近平派系,胡锦涛,link,120
習近平派系,斯鑫良,link,300
習近平派系,丁薛祥,link,184
習近平派系,蔡奇,link,492
習近平派系,江泽民派系,link,1156
習近平派系,习近平,link,507
習近平派系,尹力,link,164
習近平派系,赵一德,link,169
習近平派系,陈希,link,891
習近平派系,林武_(1962年),link,105
習近平派系,中国共产党中央政治局,link,466
習近平派系,王沪宁,link,480
習近平派系,周祖翼,link,121
習近平派系,國家級正職,link,122
習近平派系,陈敏尔,link,429
習近平派系,刘奇,link,270
習近平派系,钟绍军,link,278
習近平派系,两当兵变,link,203
習近平派系,李干杰,link,209
習近平派系,王岐山,link,443
習近平派系,栗战书,link,219
習近平派系,慎海雄,link,238
習近平派系,何立峰,link,177
習近平派系,陈一新_(1959年),link,242
習近平派系,之江新语,link,189
習近平派系,太子党_(中国共产党),link,105
習近平派系,孙春兰,link,349
習近平派系,夏宝龙,link,203
習近平派系,龚正,link,313
習近平派系,何卫东,link,288
習近平派系,沈晓明,link,174
習近平派系,郑栅洁,link,142
習近平派系,秦岭北麓违建别墅案,link,127
習近平派系,张国清,link,144
習近平派系,陈文清,link,165
習近平派系,唐登杰,link,127
習近平派系,周江勇,link,599
習近平派系,李希,link,399
習近平派系,韩正,link,261
習近平派系,中共十八大后的反腐败,link,125
習近平派系,林向阳,link,114
習近平派系,赵乐际,link,536
習近平派系,黄兴国,link,466
習近平派系,刘鹤,link,276
習近平派系,江泽民,link,113
習近平派系,楼阳生,link,261
習近平派系,刘士余,link,203
習近平派系,马兴瑞,link,338
習近平派系,杨洁篪,link,187
習近平派系,陈吉宁,link,328
習近平派系,習正寧,link,406
習近平派系,石泰峰,link,124
習近平畫像潑墨事件,天安门毛泽东像污损案,link,148
習近平畫像潑墨事件,北京四通桥抗议,link,314
習遠平,习近平,link,866
習遠平,王军_(1921年),link,123
習遠平,澳大利亚,link,297
習遠平,刘力贞,link,193
習遠平,习明泽,link,2112
習遠平,习仲勋,link,512
習遠平,中共八大元老,link,506
習遠平,张澜澜,link,5835
習遠平,齐心,link,671
習遠平,彭丽媛,link,399
習遠平,柯玲玲,link,123
習遠平,两当兵变,link,401
習遠平,習正寧,link,693
習遠平,郝明珠,link,394
習遠平,齐桥桥,link,1201
胡春华,團派,link,511
胡春华,中国共产党中央政治局,link,382
胡春华,习近平,link,156
胡春华,中国共产党领导集体,link,227
胡春华,中国共产党中央政治局常务委员会,link,112
胡春华,胡锦涛,link,172
胡海峰,胡锦涛二十大离场事件,link,1345
胡海峰,胡锦涛,link,207
胡海青,胡锦涛,link,125
胡耀邦,團派,link,249
胡耀邦,政治家族列表,link,356
胡耀邦,薄熙来事件,link,102
胡耀邦,中国共产党中央委员会总书记,link,177
胡耀邦,中国共产党中央委员会主席,link,134
胡耀邦,江泽民派系,link,135
胡耀邦,六四事件,link,951
胡耀邦,习近平,link,144
胡耀邦之死,六四事件,link,241
胡锦涛,胡海青,link,1487
胡锦涛,郭伯雄,link,385
胡锦涛,吴邦国,link,111
胡锦涛,宋平,link,233
胡锦涛,獨裁者,link,342
胡锦涛,胡温体制,link,623
胡锦涛,历史转折中的邓小平,link,232
胡锦涛,胡春华,link,385
胡锦涛,李克强,link,178
胡锦涛,周永康,link,400
胡锦涛,中国共产党第二十次全国代表大会,link,145
胡锦涛,1989年拉萨骚乱,link,188
胡锦涛,江澤民之死,link,110
胡锦涛,江泽民,link,2302
胡锦涛,废除干部领导职务终身制,link,147
胡锦涛,伍精华,link,269
胡锦涛,團派,link,1196
胡锦涛,江泽民派系,other,457
胡锦涛,薄熙来,link,283
胡锦涛,清华大学井冈山兵团四一四总部,link,126
胡锦涛,徐才厚,link,400
胡锦涛,天津航空7554号班机劫机事件,link,140
胡锦涛,2010年全球最具权力人物排行榜,link,150
胡锦涛,鄧力群,link,148
胡锦涛,刘永清,link,976
胡锦涛,龙川村,link,112
胡锦涛,陈良宇,link,143
胡锦涛,习近平,link,3135
胡锦涛,中国共产党中央政治局常务委员会,link,114
胡锦涛,王兆国,link,139
胡锦涛,温家宝,link,835
胡锦涛,中華人民共和國最高領導人,link,156
胡锦涛,曾庆红,link,455
胡锦涛,对胡锦涛的争议,link,390
胡锦涛,胡海峰,link,2742
胡锦涛,茅道林,link,444
胡锦涛,曹刚川,link,282
胡锦涛,胡锦涛二十大离场事件,link,950
胡锦涛,孔绍逊,link,814
胡锦涛,汪精卫国民政府,link,169
胡锦涛,孟学农,link,110
胡锦涛二十大离场事件,汪洋_(前全國政協主席),link,116
胡锦涛二十大离场事件,李克强,link,178
胡锦涛二十大离场事件,胡春华,link,692
胡锦涛二十大离场事件,习近平,link,112
胡锦涛二十大离场事件,中国共产党第二十次全国代表大会,link,115
胡锦涛二十大离场事件,團派,link,695
胡锦涛二十大离场事件,废除干部领导职务终身制,link,406
胡锦涛二十大离场事件,李瑞环,link,293
胡锦涛二十大离场事件,江澤民之死,link,277
胡锦涛二十大离场事件,对习近平的争议,link,857
胡锦涛二十大离场事件,习近平崇拜,link,186
胡锦涛二十大离场事件,胡海峰,link,948
胡锦涛二十大离场事件,胡温体制,link,456
胡锦涛二十大离场事件,孔绍逊,link,1532
胡锦涛二十大离场事件,習近平派系,link,883
胡锦涛二十大离场事件,王毅,link,105
胡锦涛二十大离场事件,胡锦涛,link,264
胡锦涛二十大离场事件,以习近平同志为核心的党中央,link,176
胡锦涛二十大离场事件,李强_(1959年),link,107
膜蛤文化,江泽民,link,147
膜蛤文化,江泽民怒斥香港记者,link,448
自由派_(中华人民共和国),改革派_(中国共产党),link,262
苏联共产党,俄罗斯联邦共产党,link,172
蔡奇,中国共产党中央书记处,link,192
蔡奇,中国共产党中央政治局常务委员会,link,345
蔡奇,習近平派系,link,1138
蔡奇,习近平,link,155
蔡英文,习近平,link,120
蔡霞,習近平派系,link,150
薄一波,薄熙来事件,link,141
薄一波,薄熙来,link,1558
薄熙来,重庆打黑除恶专项行动,link,291
薄熙来,六十一人叛徒集团案,link,213
薄熙来,中国共产党,link,110
薄熙来,薄瓜瓜,link,1765
薄熙来,马晓晴,link,731
薄熙来,习近平,link,488
薄熙来,中共八大元老,link,392
薄熙来,马馼,link,186
薄熙来,徐明_(企业家),link,184
薄熙来,秦城监狱,link,1546
薄熙来,李源潮,link,528
薄熙来,海伍德死亡案,link,416
薄熙来,张德江,link,206
薄熙来,文强_(重庆),link,294
薄熙来,尼尔·海伍德,link,471
薄熙来,李克强,link,257
薄熙来,薄一波,link,1464
薄熙来,李雪峰,link,222
薄熙来,大连市,link,115
薄熙来,棒棰島,link,629
薄熙来,王立军事件,link,2049
薄熙来,團派,link,181
薄熙来,姜丰_(主持人),link,347
薄熙来,胡锦涛,link,288
薄熙来,薄熙来事件,link,1002
薄熙来,中国共产党中央政治局,link,123
薄熙来,乌小青自杀案,link,175
薄熙来,方滨兴,link,153
薄熙来,胡明_(1919年),link,119
薄熙来,重庆模式,link,208
薄熙来,吴仪,link,384
薄熙来,李铁映,link,352
薄熙来,谷開來,link,1681
薄熙来,汪洋_(前全國政協主席),link,370
薄熙来,中华人民共和国国务院副总理,link,115
薄熙来,王立军,link,809
薄熙来,王奉友,link,110
薄熙来,陈良宇,link,674
薄熙来,洗鈔事務所,link,242
薄熙来,政治家族列表,link,264
薄熙来,周永康,link,298
薄熙来,薄熙永,link,364
薄熙来,蚁力神,link,238
薄熙来,刘平平,link,233
薄熙来,李望知,link,990
薄熙来,闻世震,link,149
薄熙来,六四事件,link,141
薄熙来,蚁力神事件,link,173
薄熙来,中国北方航空6136号班机空难,link,102
薄熙来,温家宝,link,207
薄熙来事件,王立军,link,238
薄熙来事件,孙政才,link,251
薄熙来事件,谷開來,link,242
薄熙来事件,薄熙永,link,212
薄熙来事件,陈希同,link,303
薄熙来事件,王立军事件,link,1281
薄熙来事件,赵紫阳,link,381
薄熙来事件,海伍德死亡案,link,537
薄熙来事件,帕特里克·德维利耶,link,175
薄熙来事件,薄一波,link,159
薄熙来事件,方滨兴,link,212
薄熙来事件,重庆万盛事件,link,724
薄熙来事件,陈良宇,link,270
薄熙来事件,周永康案,link,172
薄熙来事件,2013年重庆官场不雅照事件,other,246
薄熙来事件,薄瓜瓜,link,119
薄熙来事件,周永康,link,477
薄熙来事件,唱红打黑,link,232
薄熙来事件,薄熙来,link,401
薄瓜瓜,薄熙来事件,link,237
薄瓜瓜,薄熙来,link,1130
袁宝璟,周永康案,link,198
袁家军,中国共产党中央政治局,link,100
谷開來,薄熙来,link,382
贾晓晔,周永康,link,220
赵乐际,太子党_(中国共产党),link,204
赵乐际,习近平,link,160
赵乐际,中国共产党中央政治局常务委员会,link,267
赵本山,薄熙来,link,108
赵紫阳,江泽民,link,340
赵紫阳,中国共产党第十三届中央委员会第四次全体会议,link,140
赵紫阳,六四事件,link,1625
赵紫阳,中国共产党中央委员会总书记,link,273
赵紫阳,改革派_(中国共产党),link,207
越南共产党,阮富仲,link,156
辱包文化,对习近平的争议,link,138
辱包文化,習近平吃包子事件,link,367
辱包文化,對習近平的負面稱呼,link,348
辱包文化,习近平崇拜,link,116
邓家贵,习近平,link,110
邓小平,中国共产党,link,107
邓小平,习近平,link,229
邓小平,江泽民,link,824
邓小平,文化大革命,link,132
邓小平,中国共产党第十一届中央委员会第三次全体会议,link,119
邓小平,六四事件,link,1731
邓小平南巡,習近平南巡,link,101
郑州富士康抗议,反對動態清零政策運動,link,318
郑栅洁,習近平派系,link,257
郝海东,六四事件,link,184
郭伯雄,薄熙来,link,125
郭伯雄,江泽民,link,159
郭伯雄,周永康,link,194
重庆打黑除恶专项行动,薄熙来,link,121
金正男,周永康,link,143
金正男,政治家族列表,link,130
阎明复,六四事件,link,168
陈云,中国共产党中央顾问委员会,link,121
陈云,保守派_(中国共产党),link,174
陈云,六四事件,link,206
陈云,六四清场,link,112
陈吉宁,習近平派系,link,652
陈吉宁,中国共产党上海市委员会,link,105
陈希,習近平派系,link,358
陈敏尔,習近平派系,link,400
陈文清,習近平派系,link,229
陈晓丹,太子党_(中国共产党),other,103
陈良宇,江泽民派系,link,148
韩正,中国共产党中央政治局常务委员会,link,276
韩正,习近平,link,236
韩正,江泽民派系,other,150
颜色革命,反對動態清零政策運動,link,211
風再起時_(電影),反對動態清零政策運動,link,129
马来亚共产党,陳平_(馬來西亞),link,110
黄坤明,習近平派系,link,322
齐心,習遠平,link,772
齐心,习近平,link,244
齐桥桥,習遠平,link,1466
齐桥桥,习近平,link,253
